[{"model": "contenttypes.contenttype", "pk": 1, "fields": {"app_label": "admin", "model": "logentry"}}, {"model": "contenttypes.contenttype", "pk": 2, "fields": {"app_label": "auth", "model": "group"}}, {"model": "contenttypes.contenttype", "pk": 3, "fields": {"app_label": "auth", "model": "user"}}, {"model": "contenttypes.contenttype", "pk": 4, "fields": {"app_label": "auth", "model": "permission"}}, {"model": "contenttypes.contenttype", "pk": 5, "fields": {"app_label": "contenttypes", "model": "contenttype"}}, {"model": "contenttypes.contenttype", "pk": 6, "fields": {"app_label": "sessions", "model": "session"}}, {"model": "contenttypes.contenttype", "pk": 7, "fields": {"app_label": "course", "model": "course"}}, {"model": "contenttypes.contenttype", "pk": 8, "fields": {"app_label": "cabinet", "model": "cabinet"}}, {"model": "sessions.session", "pk": "eg9n2d84kwg5y35a3hpenr9nn4hj70f0", "fields": {"session_data": "ZTkwNWVlZDIzYjcxYTkzNzc5ZDgzNDljMWFjODJjMzFiMGZlMGZjMDp7Il9hdXRoX3VzZXJfYmFja2VuZCI6ImRqYW5nby5jb250cmliLmF1dGguYmFja2VuZHMuTW9kZWxCYWNrZW5kIiwiX2F1dGhfdXNlcl9pZCI6IjEiLCJfYXV0aF91c2VyX2hhc2giOiJlNTY2MWY5YzQ2OTNhNDlkZmE2NWM1Zjg5MzFkNDNmNmI4NzA3MTA1In0=", "expire_date": "2017-02-19T02:16:44.057Z"}}, {"model": "sessions.session", "pk": "vprltouj5t24m1gylx20ltprkytw4ztc", "fields": {"session_data": "MDIxYTUxMTNkNzI1MmIzMTliZDBhYTMyYTk1OTY4MjRjYTI4MDIzMDp7Il9hdXRoX3VzZXJfaWQiOiIxIiwiX2F1dGhfdXNlcl9iYWNrZW5kIjoiZGphbmdvLmNvbnRyaWIuYXV0aC5iYWNrZW5kcy5Nb2RlbEJhY2tlbmQiLCJfYXV0aF91c2VyX2hhc2giOiJlNTY2MWY5YzQ2OTNhNDlkZmE2NWM1Zjg5MzFkNDNmNmI4NzA3MTA1In0=", "expire_date": "2017-02-19T10:37:19.886Z"}}, {"model": "course.course", "pk": 1, "fields": {"title": "ARM DRUM \u0442\u0440\u0435\u043d\u0438\u043d\u0433 \"Basic\"", "ind": 0, "gr": 2000, "clessons": 4}}, {"model": "course.course", "pk": 2, "fields": {"title": "ARM DRUM \u0442\u0440\u0435\u043d\u0438\u043d\u0433 \"Progressive\"", "ind": 0, "gr": 3000, "clessons": 4}}, {"model": "course.course", "pk": 3, "fields": {"title": "\u0410\u041d\u0421\u0410\u041c\u0411\u041b\u042c", "ind": 1200, "gr": 0, "clessons": 2}}, {"model": "course.course", "pk": 4, "fields": {"title": "\u0411\u0410\u0420\u0410\u0411\u0410\u041d\u042b", "ind": 4500, "gr": 0, "clessons": 8}}, {"model": "course.course", "pk": 5, "fields": {"title": "\u0411\u0410\u0421-\u0413\u0418\u0422\u0410\u0420\u0410", "ind": 4500, "gr": 0, "clessons": 8}}, {"model": "course.course", "pk": 6, "fields": {"title": "\u0412\u041e\u041a\u0410\u041b", "ind": 4500, "gr": 0, "clessons": 8}}, {"model": "course.course", "pk": 7, "fields": {"title": "\u0413\u0418\u0422\u0410\u0420\u0410", "ind": 4500, "gr": 0, "clessons": 8}}, {"model": "course.course", "pk": 9, "fields": {"title": "\u0417\u0412\u0423\u041a\u041e\u0420\u0415\u0416\u0418\u0421\u0421\u0423\u0420\u0410", "ind": 0, "gr": 4500, "clessons": 4}}, {"model": "course.course", "pk": 10, "fields": {"title": "\u041a\u041b\u0410\u0412\u0418\u0428\u0418", "ind": 4500, "gr": 0, "clessons": 8}}, {"model": "course.course", "pk": 11, "fields": {"title": "\u0420\u0410\u0417\u0412\u0418\u0422\u0418\u0415 \u0421\u041b\u0423\u0425\u0410", "ind": 0, "gr": 2000, "clessons": 8}}, {"model": "course.course", "pk": 12, "fields": {"title": "\u0420\u041e\u041a-\u041d-\u0420\u041e\u041b\u041b \u0410\u041a\u0423\u0421\u0422\u0418\u041a\u0410", "ind": 0, "gr": 2000, "clessons": 8}}, {"model": "cabinet.cabinet", "pk": 1, "fields": {"title": "\u041a\u0430\u0431\u0438\u043d\u0435\u0442 1 (\u0432\u043e\u043a\u0430\u043b\u044c\u043d\u044b\u0439)", "addr": "\u0421\u0443\u0445\u044d-\u0411\u0430\u0442\u043e\u0440\u0430, 10"}}, {"model": "cabinet.cabinet", "pk": 2, "fields": {"title": "\u041a\u0430\u0431\u0438\u043d\u0435\u0442 2 (\u043a\u043b\u0430\u0432\u0438\u0448\u043d\u044b\u0439)", "addr": "\u0421\u0443\u0445\u044d-\u0411\u0430\u0442\u043e\u0440\u0430, 10"}}, {"model": "cabinet.cabinet", "pk": 3, "fields": {"title": "\u041a\u0430\u0431\u0438\u043d\u0435\u0442 3 (\u0410\u043d\u0441\u0430\u043c\u0431\u043b\u0435\u0432\u044b\u0439)", "addr": "\u0421\u0443\u0445\u044d-\u0411\u0430\u0442\u043e\u0440\u0430, 10"}}, {"model": "cabinet.cabinet", "pk": 4, "fields": {"title": "\u0421\u0442\u0443\u0434\u0438\u044f (\u0433\u0438\u0442\u0430\u0440\u043d\u044b\u0439)", "addr": "\u0421\u0443\u0445\u044d-\u0411\u0430\u0442\u043e\u0440\u0430, 10"}}, {"model": "auth.permission", "pk": 1, "fields": {"name": "Can add log entry", "content_type": 1, "codename": "add_logentry"}}, {"model": "auth.permission", "pk": 2, "fields": {"name": "Can change log entry", "content_type": 1, "codename": "change_logentry"}}, {"model": "auth.permission", "pk": 3, "fields": {"name": "Can delete log entry", "content_type": 1, "codename": "delete_logentry"}}, {"model": "auth.permission", "pk": 4, "fields": {"name": "Can add group", "content_type": 2, "codename": "add_group"}}, {"model": "auth.permission", "pk": 5, "fields": {"name": "Can change group", "content_type": 2, "codename": "change_group"}}, {"model": "auth.permission", "pk": 6, "fields": {"name": "Can delete group", "content_type": 2, "codename": "delete_group"}}, {"model": "auth.permission", "pk": 7, "fields": {"name": "Can add user", "content_type": 3, "codename": "add_user"}}, {"model": "auth.permission", "pk": 8, "fields": {"name": "Can change user", "content_type": 3, "codename": "change_user"}}, {"model": "auth.permission", "pk": 9, "fields": {"name": "Can delete user", "content_type": 3, "codename": "delete_user"}}, {"model": "auth.permission", "pk": 10, "fields": {"name": "Can add permission", "content_type": 4, "codename": "add_permission"}}, {"model": "auth.permission", "pk": 11, "fields": {"name": "Can change permission", "content_type": 4, "codename": "change_permission"}}, {"model": "auth.permission", "pk": 12, "fields": {"name": "Can delete permission", "content_type": 4, "codename": "delete_permission"}}, {"model": "auth.permission", "pk": 13, "fields": {"name": "Can add content type", "content_type": 5, "codename": "add_contenttype"}}, {"model": "auth.permission", "pk": 14, "fields": {"name": "Can change content type", "content_type": 5, "codename": "change_contenttype"}}, {"model": "auth.permission", "pk": 15, "fields": {"name": "Can delete content type", "content_type": 5, "codename": "delete_contenttype"}}, {"model": "auth.permission", "pk": 16, "fields": {"name": "Can add session", "content_type": 6, "codename": "add_session"}}, {"model": "auth.permission", "pk": 17, "fields": {"name": "Can change session", "content_type": 6, "codename": "change_session"}}, {"model": "auth.permission", "pk": 18, "fields": {"name": "Can delete session", "content_type": 6, "codename": "delete_session"}}, {"model": "auth.permission", "pk": 19, "fields": {"name": "Can add course", "content_type": 7, "codename": "add_course"}}, {"model": "auth.permission", "pk": 20, "fields": {"name": "Can change course", "content_type": 7, "codename": "change_course"}}, {"model": "auth.permission", "pk": 21, "fields": {"name": "Can delete course", "content_type": 7, "codename": "delete_course"}}, {"model": "auth.permission", "pk": 22, "fields": {"name": "Can add cabinet", "content_type": 8, "codename": "add_cabinet"}}, {"model": "auth.permission", "pk": 23, "fields": {"name": "Can change cabinet", "content_type": 8, "codename": "change_cabinet"}}, {"model": "auth.permission", "pk": 24, "fields": {"name": "Can delete cabinet", "content_type": 8, "codename": "delete_cabinet"}}, {"model": "auth.group", "pk": 1, "fields": {"name": "teacher", "permissions": []}}, {"model": "auth.group", "pk": 2, "fields": {"name": "student", "permissions": []}}, {"model": "auth.group", "pk": 3, "fields": {"name": "adm", "permissions": []}}, {"model": "auth.user", "pk": 1, "fields": {"password": "pbkdf2_sha256$30000$U2nnvx3a6YYe$MVTEkvvNCzwPF2CQJ86Ur8vy9I2Sso/IN2+ZnBz07No=", "last_login": "2017-02-05T10:37:19Z", "is_superuser": true, "username": "admin", "first_name": "\u0410\u0434\u043c\u0438\u043d", "last_name": "\u0410\u0434\u043c\u0438\u043d\u043e\u0432\u0438\u0447", "email": "admin@ex.ru", "is_staff": true, "is_active": true, "date_joined": "2017-02-05T02:14:56Z", "groups": [1, 2, 3], "user_permissions": []}}, {"model": "auth.user", "pk": 2, "fields": {"password": "pbkdf2_sha256$30000$zJrw8UyGcxCh$Kb/joATltc1J7Lv+1hEDMKCZicqgwdP0wmlIiX4EvXQ=", "last_login": null, "is_superuser": true, "username": "lr131", "first_name": "\u041a\u0440\u0438\u0441\u0442\u0438\u043d\u0430", "last_name": "\u041a\u0440\u0430\u0441\u043e\u0432\u0438\u0446\u043a\u0430\u044f", "email": "lr131k@gmail.com", "is_staff": false, "is_active": true, "date_joined": "2017-02-05T11:56:43Z", "groups": [2], "user_permissions": []}}, {"model": "auth.user", "pk": 5, "fields": {"password": "pbkdf2_sha256$30000$oAJBoCpDeqCe$9u4fArFHh3fVqQ8He1bHN61igb3Jieh89aQGDv1mbns=", "last_login": null, "is_superuser": false, "username": "moiseevkey", "first_name": "\u0414\u0435\u043d\u0438\u0441", "last_name": "\u041c\u043e\u0438\u0441\u0435\u0435\u0432", "email": "", "is_staff": true, "is_active": true, "date_joined": "2017-02-05T12:39:58Z", "groups": [1, 3], "user_permissions": []}}, {"model": "auth.user", "pk": 6, "fields": {"password": "pbkdf2_sha256$30000$dqp3AZzepgFs$tsQQ+b2xtVPnzECabPd1K9Y3bYqIaF5fQaHaUNVxQlg=", "last_login": null, "is_superuser": false, "username": "belka", "first_name": "\u0415\u043a\u0430\u0442\u0435\u0440\u0438\u043d\u0430", "last_name": "\u0411\u0435\u043b\u044f\u0435\u0432\u0430", "email": "", "is_staff": false, "is_active": true, "date_joined": "2017-02-05T13:14:06Z", "groups": [2], "user_permissions": []}}, {"model": "auth.user", "pk": 7, "fields": {"password": "pbkdf2_sha256$30000$Iy16r9PGBDKJ$xi7ov72ApgNZZkJwERRhefD+8prHoy90/nnBGIxJa4g=", "last_login": null, "is_superuser": false, "username": "dom3952", "first_name": "\u0410\u043b\u0435\u043a\u0441\u0430\u043d\u0434\u0440", "last_name": "\u0414\u043e\u043c\u0430\u0448\u0435\u0432\u0441\u043a\u0438\u0439", "email": "", "is_staff": true, "is_active": true, "date_joined": "2017-02-05T13:33:43Z", "groups": [3], "user_permissions": []}}, {"model": "auth.user", "pk": 8, "fields": {"password": "pbkdf2_sha256$30000$0i1M4qQJHb51$JDvLe3jsnnafWTaVxUOq8haSho2vYg1MlvbtaXxC7n0=", "last_login": null, "is_superuser": false, "username": "Armdrum", "first_name": "\u0410\u043b\u0435\u043a\u0441\u0430\u043d\u0434\u0440", "last_name": "\u0410\u0440\u043c\u0430\u0448", "email": "", "is_staff": false, "is_active": true, "date_joined": "2017-02-05T14:37:47Z", "groups": [1, 3], "user_permissions": []}}, {"model": "auth.user", "pk": 9, "fields": {"password": "pbkdf2_sha256$30000$JGrIRLdnI9CP$tLn2iPg4S/a4AlTvi78AxwQC1HkShgXKvVDA58apHNg=", "last_login": null, "is_superuser": false, "username": "Zapskii", "first_name": "\u041e\u043b\u0435\u0433", "last_name": "\u0417\u0430\u043f\u043e\u0440\u043e\u0436\u0435\u0446", "email": "", "is_staff": true, "is_active": true, "date_joined": "2017-02-05T14:39:19Z", "groups": [1, 3], "user_permissions": []}}, {"model": "auth.user", "pk": 10, "fields": {"password": "pbkdf2_sha256$30000$aGZQ1CwgMoKT$8iwlQSUk71GKYbW8TjhXWJSf5rsmSsuRjoIgXCFpUP0=", "last_login": null, "is_superuser": false, "username": "OlgaM", "first_name": "\u041e\u043b\u044c\u0433\u0430", "last_name": "\u041c\u0430\u043a\u0430\u0440\u043e\u0432\u0430", "email": "", "is_staff": true, "is_active": true, "date_joined": "2017-02-05T14:42:17Z", "groups": [1], "user_permissions": []}}, {"model": "auth.user", "pk": 11, "fields": {"password": "pbkdf2_sha256$30000$hzoDjkJbJBQQ$aXXIUr3YIWxzupCk6VwerQgLMbddz8aMKSs22UhkTKE=", "last_login": null, "is_superuser": false, "username": "SanKon", "first_name": "\u0410\u043b\u0435\u043a\u0441\u0430\u043d\u0434\u0440", "last_name": "\u041a\u043e\u043d\u043e\u0433\u043e\u0440\u0441\u043a\u0438\u0445", "email": "", "is_staff": true, "is_active": true, "date_joined": "2017-02-05T14:49:45Z", "groups": [1, 2], "user_permissions": []}}, {"model": "auth.user", "pk": 12, "fields": {"password": "pbkdf2_sha256$30000$sM9nlwgBY6l5$3Bxktxa16tVLGxWCyz3gIf0xHveh7+elXF9DBvChTjE=", "last_login": null, "is_superuser": false, "username": "RetivykhAV", "first_name": "\u0410\u043b\u0435\u043a\u0441\u0435\u0439", "last_name": "\u0420\u0435\u0442\u0438\u0432\u044b\u0445", "email": "", "is_staff": false, "is_active": true, "date_joined": "2017-02-05T14:57:18Z", "groups": [2], "user_permissions": []}}, {"model": "auth.user", "pk": 13, "fields": {"password": "pbkdf2_sha256$30000$s7UFGF8gsT6u$DbU6xYoItARLnkDZZX96dHExJGqOx/zrctVKb97OLdI=", "last_login": null, "is_superuser": false, "username": "Razdobreev", "first_name": "\u0412\u044f\u0447\u0435\u0441\u043b\u0430\u0432", "last_name": "\u0420\u0430\u0437\u0434\u043e\u0431\u0440\u0435\u0435\u0432", "email": "", "is_staff": false, "is_active": true, "date_joined": "2017-02-05T15:05:45Z", "groups": [2], "user_permissions": []}}, {"model": "auth.user", "pk": 14, "fields": {"password": "pbkdf2_sha256$30000$3nEswdOqccQP$kr9bDJtO69yFdYca4SOkhN2syvCpCaXZMWJyufyGgZo=", "last_login": null, "is_superuser": false, "username": "Anastasiasinkova", "first_name": "\u0410\u043d\u0430\u0441\u0442\u0430\u0441\u0438\u044f", "last_name": "\u0421\u0438\u043d\u044c\u043a\u043e\u0432\u0430", "email": "", "is_staff": false, "is_active": true, "date_joined": "2017-02-05T15:09:05Z", "groups": [2], "user_permissions": []}}, {"model": "auth.user", "pk": 15, "fields": {"password": "pbkdf2_sha256$30000$AICP3jWrxWqr$wM7583gCHybiI1r6sIAa6FloBLztZwMx7T7k86V9Hp4=", "last_login": null, "is_superuser": false, "username": "rtoioioiliolio", "first_name": "\u0410\u043d\u0430\u0441\u0442\u0430\u0441\u0438\u044f", "last_name": "\u0412\u044f\u0437\u0438\u043d\u0441\u043a\u0430\u044f", "email": "", "is_staff": false, "is_active": true, "date_joined": "2017-02-05T15:11:06Z", "groups": [], "user_permissions": []}}, {"model": "auth.user", "pk": 16, "fields": {"password": "pbkdf2_sha256$30000$R5ZGcu2dm4oW$B7YwsQ10wkDPtZ9afkQE2XHS4O+OvLuVgCM/amZThIw=", "last_login": null, "is_superuser": false, "username": "daniksad", "first_name": "\u0414\u0430\u043d\u0438\u043b", "last_name": "\u0428\u0430\u043a\u0438\u0440\u043e\u0432", "email": "", "is_staff": false, "is_active": true, "date_joined": "2017-02-05T15:13:51Z", "groups": [2], "user_permissions": []}}, {"model": "auth.user", "pk": 17, "fields": {"password": "pbkdf2_sha256$30000$ff69ssCXISzN$9SDJhBSE3t1c3HH7m1rysI6PC8BFlYIKzZG59kFHJFg=", "last_login": null, "is_superuser": false, "username": "KozminaAlina", "first_name": "\u0410\u043b\u0438\u043d\u0430", "last_name": "\u041a\u043e\u0437\u044c\u043c\u0438\u043d\u0430", "email": "", "is_staff": false, "is_active": true, "date_joined": "2017-02-05T15:15:32Z", "groups": [2], "user_permissions": []}}, {"model": "auth.user", "pk": 18, "fields": {"password": "pbkdf2_sha256$30000$huMloAITQppl$uxB9jOWOrIU0E1Yl+j4FuqTJHVyfcLx4oNpzz1/Sqnk=", "last_login": null, "is_superuser": false, "username": "TonkonogovaNastya", "first_name": "\u0410\u043d\u0430\u0441\u0442\u0430\u0441\u0438\u044f", "last_name": "\u0422\u043e\u043d\u043a\u043e\u043d\u043e\u0433\u043e\u0432\u0430", "email": "", "is_staff": false, "is_active": true, "date_joined": "2017-02-05T15:16:45Z", "groups": [2], "user_permissions": []}}, {"model": "auth.user", "pk": 19, "fields": {"password": "pbkdf2_sha256$30000$egjdQ79CFHWy$MssOw/Ex8As+PTBsMr4NRlVEJmpBkRQqIonLryyB984=", "last_login": null, "is_superuser": false, "username": "PanovIvan", "first_name": "\u0418\u0432\u0430\u043d", "last_name": "\u041f\u0430\u043d\u043e\u0432", "email": "", "is_staff": false, "is_active": true, "date_joined": "2017-02-05T15:18:08Z", "groups": [2], "user_permissions": []}}, {"model": "auth.user", "pk": 20, "fields": {"password": "pbkdf2_sha256$30000$ElHaghTa4zNU$GoJQTkS+crOwDx4qXqlmeoybeAV/yAdEUUHQiAZTYjQ=", "last_login": null, "is_superuser": false, "username": "ZverevaKira", "first_name": "\u041a\u0438\u0440\u0430", "last_name": "\u0417\u0432\u0435\u0440\u0435\u0432\u0430", "email": "", "is_staff": false, "is_active": true, "date_joined": "2017-02-05T15:18:37Z", "groups": [2], "user_permissions": []}}, {"model": "auth.user", "pk": 21, "fields": {"password": "pbkdf2_sha256$30000$ILg38979XgDG$/v11OxEw2qIS4OC5EQVwyflez+MDKHiYO9SPK1v/Slc=", "last_login": null, "is_superuser": false, "username": "VoronLG", "first_name": "\u041b\u044e\u0434\u043c\u0438\u043b\u0430", "last_name": "\u0412\u043e\u0440\u043e\u043d\u0446\u043e\u0432\u0430", "email": "", "is_staff": false, "is_active": true, "date_joined": "2017-02-05T15:21:56Z", "groups": [1], "user_permissions": []}}, {"model": "auth.user", "pk": 22, "fields": {"password": "pbkdf2_sha256$30000$pvVb2X8FPnIO$FzYQe6+rINoIbj8Qo27OPp3kSXqx4vVum7s0mWB86mA=", "last_login": null, "is_superuser": false, "username": "georgeseryshev", "first_name": "\u0413\u0435\u043e\u0440\u0433\u0438\u0439", "last_name": "\u0421\u0435\u0440\u044b\u0448\u0435\u0432", "email": "", "is_staff": false, "is_active": true, "date_joined": "2017-02-05T15:24:27Z", "groups": [1, 3], "user_permissions": []}}, {"model": "auth.user", "pk": 23, "fields": {"password": "pbkdf2_sha256$30000$g2ab2jV2lz9Y$23qWDuOETBvEK7v0ueapMk5WuzPi9QzhoLpbEL8fhOE=", "last_login": null, "is_superuser": false, "username": "DabaDashiev", "first_name": "\u0414\u0430\u0431\u0430", "last_name": "\u0414\u0430\u0448\u0438\u0435\u0432", "email": "", "is_staff": false, "is_active": true, "date_joined": "2017-02-05T15:25:12Z", "groups": [2], "user_permissions": []}}, {"model": "auth.user", "pk": 24, "fields": {"password": "pbkdf2_sha256$30000$we6Zs7HP5vry$S4MsZWW0+tGAeNnYX7KlJy2MpqrTJC5HrDEg4D5Xyno=", "last_login": null, "is_superuser": false, "username": "AndreyGordeev", "first_name": "\u0410\u043d\u0434\u0440\u0435\u0439", "last_name": "\u0413\u043e\u0440\u0434\u0435\u0435\u0432", "email": "", "is_staff": false, "is_active": true, "date_joined": "2017-02-05T15:25:58Z", "groups": [2], "user_permissions": []}}, {"model": "auth.user", "pk": 25, "fields": {"password": "pbkdf2_sha256$30000$ABOp3kVmkJHE$NEXOpqOuckGqkNIEkm22rdAdpBKG0fUOfLLJG4x3gvI=", "last_login": null, "is_superuser": false, "username": "ArinaPopova", "first_name": "\u0410\u0440\u0438\u043d\u0430", "last_name": "\u041f\u043e\u043f\u043e\u0432\u0430", "email": "", "is_staff": false, "is_active": true, "date_joined": "2017-02-05T15:26:58Z", "groups": [2], "user_permissions": []}}, {"model": "auth.user", "pk": 26, "fields": {"password": "pbkdf2_sha256$30000$ZJnooBRleGa5$QWHMAZ0fdgYQ41W+sAEPO+1MI/G/7lcIEK1KseERU6I=", "last_login": null, "is_superuser": false, "username": "MashaKupyanskaya", "first_name": "\u041c\u0430\u0440\u0438\u044f", "last_name": "\u041a\u0443\u043f\u044f\u043d\u0441\u043a\u0430\u044f", "email": "", "is_staff": false, "is_active": true, "date_joined": "2017-02-05T15:27:53Z", "groups": [2], "user_permissions": []}}, {"model": "auth.user", "pk": 27, "fields": {"password": "pbkdf2_sha256$30000$kPMVHsOeYq5a$JsUM3owXwaPQGXhZOLFLREJy5RRcXZlH6rZqISKVR2U=", "last_login": null, "is_superuser": false, "username": "MashaBuyanover", "first_name": "\u041c\u0430\u0440\u0438\u044f", "last_name": "\u0411\u0443\u044f\u043d\u043e\u0432\u0435\u0440", "email": "", "is_staff": false, "is_active": true, "date_joined": "2017-02-05T15:28:48Z", "groups": [2], "user_permissions": []}}, {"model": "auth.user", "pk": 28, "fields": {"password": "pbkdf2_sha256$30000$5805vWEMsP0u$yzxZoHTCR3HPkwzpBjpQ0l57/YifX64Ucw6ifY7R7O8=", "last_login": null, "is_superuser": false, "username": "GalyaKoronnaya", "first_name": "\u0413\u0430\u043b\u0438\u043d\u0430", "last_name": "\u041a\u0430\u0440\u043e\u043d\u043d\u0430\u044f", "email": "", "is_staff": false, "is_active": true, "date_joined": "2017-02-05T15:30:19Z", "groups": [2], "user_permissions": []}}, {"model": "auth.user", "pk": 29, "fields": {"password": "pbkdf2_sha256$30000$sSoBm022crA5$zA7qT4YZJLadxF+rDtKvlfcHQMIsmd4+vPzFLU02Khw=", "last_login": null, "is_superuser": false, "username": "EvgenyCheck", "first_name": "\u0415\u0432\u0433\u0435\u043d\u0438\u0439", "last_name": "\u0427\u0435\u043a\u0443\u043b\u0430\u0435\u0432", "email": "", "is_staff": false, "is_active": true, "date_joined": "2017-02-05T15:32:37Z", "groups": [1], "user_permissions": []}}, {"model": "auth.user", "pk": 30, "fields": {"password": "pbkdf2_sha256$30000$FwzTo2PmZyIg$eNl4aHmF01uskkX/yNp2FYB8XU0Qchodo+Ihx1Lxi4w=", "last_login": null, "is_superuser": false, "username": "SmolovaD", "first_name": "\u0414\u0430\u0440\u044c\u044f", "last_name": "\u0421\u043c\u043e\u043b\u043e\u0432\u0430", "email": "", "is_staff": false, "is_active": true, "date_joined": "2017-02-05T15:37:54Z", "groups": [2], "user_permissions": []}}, {"model": "auth.user", "pk": 31, "fields": {"password": "pbkdf2_sha256$30000$B434iBf1yR4v$DhKhk5tH0E+z6e/tpN51bOJ75iSEyh8zjebaXYPjICM=", "last_login": null, "is_superuser": false, "username": "AlinaTarhanova", "first_name": "\u0410\u043b\u0438\u043d\u0430", "last_name": "\u0422\u0430\u0440\u0445\u0430\u043d\u043e\u0432\u0430", "email": "", "is_staff": false, "is_active": true, "date_joined": "2017-02-05T15:50:09Z", "groups": [2], "user_permissions": []}}, {"model": "auth.user", "pk": 32, "fields": {"password": "pbkdf2_sha256$30000$DQIPl7872bjb$diEtr7IoNUdVip1I+kuu+94Y5OzvUXMitJefm6bLBKg=", "last_login": null, "is_superuser": false, "username": "YanaStolyar", "first_name": "\u042f\u043d\u0430", "last_name": "\u0421\u0442\u043e\u043b\u044f\u0440", "email": "", "is_staff": false, "is_active": true, "date_joined": "2017-02-05T15:52:23Z", "groups": [2], "user_permissions": []}}, {"model": "auth.user", "pk": 33, "fields": {"password": "pbkdf2_sha256$30000$CUmodO5Y0rDA$DEUFrmnJeM3jkEGJB5XIPA00GQ9QQ9rQPVri6FTyjwM=", "last_login": null, "is_superuser": false, "username": "DalilaKuroedova", "first_name": "\u0414\u0430\u043b\u0438\u043b\u0430", "last_name": "\u041a\u0443\u0440\u043e\u0435\u0434\u043e\u0432\u0430", "email": "", "is_staff": false, "is_active": true, "date_joined": "2017-02-05T15:52:52Z", "groups": [2], "user_permissions": []}}, {"model": "auth.user", "pk": 34, "fields": {"password": "pbkdf2_sha256$30000$qtcAya98AudM$cV5erly9wNLUH3+Jkb0Z8aAcKGnD/koEUiRgEHCralI=", "last_login": null, "is_superuser": false, "username": "SvetaPogrebinskaya", "first_name": "\u0421\u0432\u0435\u0442\u043b\u0430\u043d\u0430", "last_name": "\u041f\u043e\u0433\u0440\u0435\u0431\u0438\u043d\u0441\u043a\u0430\u044f", "email": "", "is_staff": false, "is_active": true, "date_joined": "2017-02-05T15:53:44Z", "groups": [2], "user_permissions": []}}, {"model": "auth.user", "pk": 35, "fields": {"password": "pbkdf2_sha256$30000$r8DHnrB0EwTZ$liDnpHuevcHaK2nJGc1MxBbGZSHCFwf048qk+T5YDBw=", "last_login": null, "is_superuser": false, "username": "ValyaGaleeva", "first_name": "\u0412\u0430\u043b\u0435\u043d\u0442\u0438\u043d\u0430", "last_name": "\u0413\u0430\u043b\u0435\u0435\u0432\u0430", "email": "", "is_staff": false, "is_active": true, "date_joined": "2017-02-05T15:54:47Z", "groups": [2], "user_permissions": []}}, {"model": "auth.user", "pk": 36, "fields": {"password": "pbkdf2_sha256$30000$Wfg1YJhSvHwJ$ypjGIptvESINtNpSJpEcy3Ogq27zOBJZIBPJeoewk98=", "last_login": null, "is_superuser": false, "username": "OlyaSerysheva", "first_name": "\u041e\u043b\u044c\u0433\u0430", "last_name": "\u0421\u0435\u0440\u044b\u0448\u0435\u0432\u0430", "email": "", "is_staff": false, "is_active": true, "date_joined": "2017-02-05T15:55:24Z", "groups": [2], "user_permissions": []}}, {"model": "auth.user", "pk": 37, "fields": {"password": "pbkdf2_sha256$30000$iZUHCBJ1Q0zT$vViMaelFgINNjgN9EvquJ6jLIIOTuF4NAuGOxfvMt9U=", "last_login": null, "is_superuser": false, "username": "BondarikD", "first_name": "\u0414\u043c\u0438\u0442\u0440\u0438\u0439", "last_name": "\u0411\u043e\u043d\u0434\u0430\u0440\u0438\u043a", "email": "", "is_staff": false, "is_active": true, "date_joined": "2017-02-05T15:58:02Z", "groups": [2], "user_permissions": []}}, {"model": "auth.user", "pk": 38, "fields": {"password": "pbkdf2_sha256$30000$4B13NKJCLRUu$KlAFOn0ftV/erPA1eznRUOoPyQ1IXZIUjILHh2G5l6w=", "last_login": null, "is_superuser": false, "username": "DenisHavronin", "first_name": "\u0414\u0435\u043d\u0438\u0441", "last_name": "\u0425\u0430\u0432\u0440\u043e\u043d\u0438\u043d", "email": "", "is_staff": false, "is_active": true, "date_joined": "2017-02-05T16:00:59Z", "groups": [2], "user_permissions": []}}, {"model": "auth.user", "pk": 39, "fields": {"password": "pbkdf2_sha256$30000$FQvSdLXWYiGo$GZehkgHPxzfW8Su14pEj+X+KUtnitZfGtih9euiW1TY=", "last_login": null, "is_superuser": false, "username": "VikaShimit", "first_name": "\u0412\u0438\u043a\u0442\u043e\u0440\u0438\u044f", "last_name": "\u0428\u0438\u043c\u043c\u0438\u0442", "email": "", "is_staff": false, "is_active": true, "date_joined": "2017-02-05T16:07:24Z", "groups": [2], "user_permissions": []}}, {"model": "auth.user", "pk": 40, "fields": {"password": "pbkdf2_sha256$30000$sxTifwZlhiY2$ksfYhwnLet+ikyik7g/EZ+O1bd820Ckkbb8GhINunHk=", "last_login": null, "is_superuser": false, "username": "SergeyGranovskii", "first_name": "\u0421\u0435\u0440\u0433\u0435\u0439", "last_name": "\u0413\u0440\u0430\u043d\u043e\u0432\u0441\u043a\u0438\u0439", "email": "", "is_staff": false, "is_active": true, "date_joined": "2017-02-05T16:08:09Z", "groups": [2], "user_permissions": []}}, {"model": "auth.user", "pk": 41, "fields": {"password": "pbkdf2_sha256$30000$JwoRXM6eqchF$SCfNxtF8KgN7H0dLvMobLCtLpgKeKqLXJB4kt/xtAzQ=", "last_login": null, "is_superuser": false, "username": "SergeyHryapkin", "first_name": "\u0421\u0435\u0440\u0433\u0435\u0439", "last_name": "\u0425\u0440\u044f\u043f\u043a\u0438\u043d", "email": "", "is_staff": false, "is_active": true, "date_joined": "2017-02-05T16:08:53Z", "groups": [2], "user_permissions": []}}, {"model": "admin.logentry", "pk": 1, "fields": {"action_time": "2017-02-05T02:21:04.040Z", "user": 1, "content_type": 7, "object_id": "1", "object_repr": "ARM DRUM \u0442\u0440\u0435\u043d\u0438\u043d\u0433 \"Basic\"", "action_flag": 1, "change_message": "[{\"added\": {}}]"}}, {"model": "admin.logentry", "pk": 2, "fields": {"action_time": "2017-02-05T02:21:56.691Z", "user": 1, "content_type": 7, "object_id": "2", "object_repr": "ARM DRUM \u0442\u0440\u0435\u043d\u0438\u043d\u0433 \"Progressive\"", "action_flag": 1, "change_message": "[{\"added\": {}}]"}}, {"model": "admin.logentry", "pk": 3, "fields": {"action_time": "2017-02-05T02:22:55.559Z", "user": 1, "content_type": 7, "object_id": "3", "object_repr": "\u0410\u041d\u0421\u0410\u041c\u0411\u041b\u042c", "action_flag": 1, "change_message": "[{\"added\": {}}]"}}, {"model": "admin.logentry", "pk": 4, "fields": {"action_time": "2017-02-05T02:23:07.854Z", "user": 1, "content_type": 7, "object_id": "4", "object_repr": "\u0411\u0410\u0420\u0410\u0411\u0410\u041d\u042b", "action_flag": 1, "change_message": "[{\"added\": {}}]"}}, {"model": "admin.logentry", "pk": 5, "fields": {"action_time": "2017-02-05T02:23:17.462Z", "user": 1, "content_type": 7, "object_id": "5", "object_repr": "\u0411\u0410\u0421-\u0413\u0418\u0422\u0410\u0420\u0410", "action_flag": 1, "change_message": "[{\"added\": {}}]"}}, {"model": "admin.logentry", "pk": 6, "fields": {"action_time": "2017-02-05T02:23:26.229Z", "user": 1, "content_type": 7, "object_id": "6", "object_repr": "\u0412\u041e\u041a\u0410\u041b", "action_flag": 1, "change_message": "[{\"added\": {}}]"}}, {"model": "admin.logentry", "pk": 7, "fields": {"action_time": "2017-02-05T02:23:35.053Z", "user": 1, "content_type": 7, "object_id": "7", "object_repr": "\u0413\u0418\u0422\u0410\u0420\u0410", "action_flag": 1, "change_message": "[{\"added\": {}}]"}}, {"model": "admin.logentry", "pk": 8, "fields": {"action_time": "2017-02-05T02:23:35.522Z", "user": 1, "content_type": 7, "object_id": "8", "object_repr": "\u0413\u0418\u0422\u0410\u0420\u0410", "action_flag": 1, "change_message": "[{\"added\": {}}]"}}, {"model": "admin.logentry", "pk": 9, "fields": {"action_time": "2017-02-05T02:23:54.871Z", "user": 1, "content_type": 7, "object_id": "9", "object_repr": "\u0417\u0412\u0423\u041a\u041e\u0420\u0415\u0416\u0418\u0421\u0421\u0423\u0420\u0410", "action_flag": 1, "change_message": "[{\"added\": {}}]"}}, {"model": "admin.logentry", "pk": 10, "fields": {"action_time": "2017-02-05T02:24:09.007Z", "user": 1, "content_type": 7, "object_id": "10", "object_repr": "\u041a\u041b\u0410\u0412\u0418\u0428\u0418", "action_flag": 1, "change_message": "[{\"added\": {}}]"}}, {"model": "admin.logentry", "pk": 11, "fields": {"action_time": "2017-02-05T02:24:35.254Z", "user": 1, "content_type": 7, "object_id": "11", "object_repr": "\u0420\u0410\u0417\u0412\u0418\u0422\u0418\u0415 \u0421\u041b\u0423\u0425\u0410", "action_flag": 1, "change_message": "[{\"added\": {}}]"}}, {"model": "admin.logentry", "pk": 12, "fields": {"action_time": "2017-02-05T02:24:49.701Z", "user": 1, "content_type": 7, "object_id": "12", "object_repr": "\u0420\u041e\u041a-\u041d-\u0420\u041e\u041b\u041b \u0410\u041a\u0423\u0421\u0422\u0418\u041a\u0410", "action_flag": 1, "change_message": "[{\"added\": {}}]"}}, {"model": "admin.logentry", "pk": 13, "fields": {"action_time": "2017-02-05T02:25:00.822Z", "user": 1, "content_type": 7, "object_id": "8", "object_repr": "\u0413\u0418\u0422\u0410\u0420\u0410", "action_flag": 3, "change_message": ""}}, {"model": "admin.logentry", "pk": 14, "fields": {"action_time": "2017-02-05T02:25:27.430Z", "user": 1, "content_type": 7, "object_id": "9", "object_repr": "\u0417\u0412\u0423\u041a\u041e\u0420\u0415\u0416\u0418\u0421\u0421\u0423\u0420\u0410", "action_flag": 2, "change_message": "[{\"changed\": {\"fields\": [\"ind\", \"gr\"]}}]"}}, {"model": "admin.logentry", "pk": 15, "fields": {"action_time": "2017-02-05T10:38:27.891Z", "user": 1, "content_type": 8, "object_id": "1", "object_repr": "\u041a\u0430\u0431\u0438\u043d\u0435\u0442 1 (\u0432\u043e\u043a\u0430\u043b\u044c\u043d\u044b\u0439)", "action_flag": 1, "change_message": "[{\"added\": {}}]"}}, {"model": "admin.logentry", "pk": 16, "fields": {"action_time": "2017-02-05T10:38:44.587Z", "user": 1, "content_type": 8, "object_id": "2", "object_repr": "\u041a\u0430\u0431\u0438\u043d\u0435\u0442 2 (\u043a\u043b\u0430\u0432\u0438\u0448\u043d\u044b\u0439)", "action_flag": 1, "change_message": "[{\"added\": {}}]"}}, {"model": "admin.logentry", "pk": 17, "fields": {"action_time": "2017-02-05T10:39:01.316Z", "user": 1, "content_type": 8, "object_id": "3", "object_repr": "\u041a\u0430\u0431\u0438\u043d\u0435\u0442 3 (\u0410\u043d\u0441\u0430\u043c\u0431\u043b\u0435\u0432\u044b\u0439)", "action_flag": 1, "change_message": "[{\"added\": {}}]"}}, {"model": "admin.logentry", "pk": 18, "fields": {"action_time": "2017-02-05T10:39:21.861Z", "user": 1, "content_type": 8, "object_id": "4", "object_repr": "\u0421\u0442\u0443\u0434\u0438\u044f (\u0433\u0438\u0442\u0430\u0440\u043d\u044b\u0439)", "action_flag": 1, "change_message": "[{\"added\": {}}]"}}, {"model": "admin.logentry", "pk": 19, "fields": {"action_time": "2017-02-05T11:32:13.738Z", "user": 1, "content_type": 2, "object_id": "1", "object_repr": "teacher", "action_flag": 1, "change_message": "[{\"added\": {}}]"}}, {"model": "admin.logentry", "pk": 20, "fields": {"action_time": "2017-02-05T11:32:30.132Z", "user": 1, "content_type": 2, "object_id": "2", "object_repr": "student", "action_flag": 1, "change_message": "[{\"added\": {}}]"}}, {"model": "admin.logentry", "pk": 21, "fields": {"action_time": "2017-02-05T11:48:43.757Z", "user": 1, "content_type": 2, "object_id": "3", "object_repr": "adm", "action_flag": 1, "change_message": "[{\"added\": {}}]"}}, {"model": "admin.logentry", "pk": 22, "fields": {"action_time": "2017-02-05T11:56:43.883Z", "user": 1, "content_type": 3, "object_id": "2", "object_repr": "lr131", "action_flag": 1, "change_message": "[{\"added\": {}}]"}}, {"model": "admin.logentry", "pk": 23, "fields": {"action_time": "2017-02-05T11:58:09.274Z", "user": 1, "content_type": 3, "object_id": "2", "object_repr": "lr131", "action_flag": 2, "change_message": "[{\"changed\": {\"fields\": [\"first_name\", \"last_name\", \"email\", \"is_superuser\"]}}]"}}, {"model": "admin.logentry", "pk": 24, "fields": {"action_time": "2017-02-05T12:09:13.484Z", "user": 1, "content_type": 3, "object_id": "3", "object_repr": "belka", "action_flag": 1, "change_message": "[{\"added\": {}}]"}}, {"model": "admin.logentry", "pk": 25, "fields": {"action_time": "2017-02-05T12:09:44.477Z", "user": 1, "content_type": 3, "object_id": "3", "object_repr": "belka", "action_flag": 2, "change_message": "[{\"changed\": {\"fields\": [\"first_name\", \"last_name\"]}}]"}}, {"model": "admin.logentry", "pk": 26, "fields": {"action_time": "2017-02-05T12:10:25.903Z", "user": 1, "content_type": 3, "object_id": "4", "object_repr": "moiseevkey", "action_flag": 1, "change_message": "[{\"added\": {}}]"}}, {"model": "admin.logentry", "pk": 27, "fields": {"action_time": "2017-02-05T12:12:59.879Z", "user": 1, "content_type": 3, "object_id": "4", "object_repr": "moiseevkey", "action_flag": 2, "change_message": "[]"}}, {"model": "admin.logentry", "pk": 28, "fields": {"action_time": "2017-02-05T12:14:19.100Z", "user": 1, "content_type": 3, "object_id": "4", "object_repr": "moiseevkey", "action_flag": 2, "change_message": "[{\"changed\": {\"fields\": [\"first_name\", \"last_name\", \"is_staff\"]}}]"}}, {"model": "admin.logentry", "pk": 29, "fields": {"action_time": "2017-02-05T12:21:39.505Z", "user": 1, "content_type": 3, "object_id": "3", "object_repr": "belka", "action_flag": 3, "change_message": ""}}, {"model": "admin.logentry", "pk": 30, "fields": {"action_time": "2017-02-05T12:21:39.764Z", "user": 1, "content_type": 3, "object_id": "4", "object_repr": "moiseevkey", "action_flag": 3, "change_message": ""}}, {"model": "admin.logentry", "pk": 31, "fields": {"action_time": "2017-02-05T12:39:58.389Z", "user": 1, "content_type": 3, "object_id": "5", "object_repr": "moiseevkey", "action_flag": 1, "change_message": "[{\"added\": {}}]"}}, {"model": "admin.logentry", "pk": 32, "fields": {"action_time": "2017-02-05T13:02:35.697Z", "user": 1, "content_type": 3, "object_id": "5", "object_repr": "moiseevkey", "action_flag": 2, "change_message": "[{\"changed\": {\"fields\": [\"first_name\", \"last_name\", \"is_staff\"]}}]"}}, {"model": "admin.logentry", "pk": 33, "fields": {"action_time": "2017-02-05T13:14:06.234Z", "user": 1, "content_type": 3, "object_id": "6", "object_repr": "belka", "action_flag": 1, "change_message": "[{\"added\": {}}]"}}, {"model": "admin.logentry", "pk": 34, "fields": {"action_time": "2017-02-05T13:27:04.473Z", "user": 1, "content_type": 3, "object_id": "6", "object_repr": "belka", "action_flag": 2, "change_message": "[{\"changed\": {\"fields\": [\"first_name\", \"last_name\"]}}]"}}, {"model": "admin.logentry", "pk": 35, "fields": {"action_time": "2017-02-05T13:33:43.712Z", "user": 1, "content_type": 3, "object_id": "7", "object_repr": "dom3952", "action_flag": 1, "change_message": "[{\"added\": {}}]"}}, {"model": "admin.logentry", "pk": 36, "fields": {"action_time": "2017-02-05T13:34:19.091Z", "user": 1, "content_type": 3, "object_id": "7", "object_repr": "dom3952", "action_flag": 2, "change_message": "[{\"changed\": {\"fields\": [\"first_name\", \"last_name\", \"is_staff\"]}}]"}}, {"model": "admin.logentry", "pk": 37, "fields": {"action_time": "2017-02-05T14:37:47.834Z", "user": 1, "content_type": 3, "object_id": "8", "object_repr": "Armdrum", "action_flag": 1, "change_message": "[{\"added\": {}}]"}}, {"model": "admin.logentry", "pk": 38, "fields": {"action_time": "2017-02-05T14:38:08.638Z", "user": 1, "content_type": 3, "object_id": "8", "object_repr": "Armdrum", "action_flag": 2, "change_message": "[{\"changed\": {\"fields\": [\"first_name\", \"last_name\"]}}]"}}, {"model": "admin.logentry", "pk": 39, "fields": {"action_time": "2017-02-05T14:39:19.508Z", "user": 1, "content_type": 3, "object_id": "9", "object_repr": "Zapskii", "action_flag": 1, "change_message": "[{\"added\": {}}]"}}, {"model": "admin.logentry", "pk": 40, "fields": {"action_time": "2017-02-05T14:39:43.065Z", "user": 1, "content_type": 3, "object_id": "9", "object_repr": "Zapskii", "action_flag": 2, "change_message": "[{\"changed\": {\"fields\": [\"first_name\", \"last_name\", \"is_staff\"]}}]"}}, {"model": "admin.logentry", "pk": 41, "fields": {"action_time": "2017-02-05T14:42:17.389Z", "user": 1, "content_type": 3, "object_id": "10", "object_repr": "OlgaM", "action_flag": 1, "change_message": "[{\"added\": {}}]"}}, {"model": "admin.logentry", "pk": 42, "fields": {"action_time": "2017-02-05T14:42:40.664Z", "user": 1, "content_type": 3, "object_id": "10", "object_repr": "OlgaM", "action_flag": 2, "change_message": "[{\"changed\": {\"fields\": [\"first_name\", \"last_name\", \"is_staff\"]}}]"}}, {"model": "admin.logentry", "pk": 43, "fields": {"action_time": "2017-02-05T14:49:45.651Z", "user": 1, "content_type": 3, "object_id": "11", "object_repr": "SanKon", "action_flag": 1, "change_message": "[{\"added\": {}}]"}}, {"model": "admin.logentry", "pk": 44, "fields": {"action_time": "2017-02-05T14:50:47.680Z", "user": 1, "content_type": 3, "object_id": "11", "object_repr": "SanKon", "action_flag": 2, "change_message": "[{\"changed\": {\"fields\": [\"first_name\", \"last_name\", \"is_staff\"]}}]"}}, {"model": "admin.logentry", "pk": 45, "fields": {"action_time": "2017-02-05T14:57:18.776Z", "user": 1, "content_type": 3, "object_id": "12", "object_repr": "RetivykhAV", "action_flag": 1, "change_message": "[{\"added\": {}}]"}}, {"model": "admin.logentry", "pk": 46, "fields": {"action_time": "2017-02-05T14:58:24.133Z", "user": 1, "content_type": 3, "object_id": "12", "object_repr": "RetivykhAV", "action_flag": 2, "change_message": "[{\"changed\": {\"fields\": [\"first_name\", \"last_name\"]}}]"}}, {"model": "admin.logentry", "pk": 47, "fields": {"action_time": "2017-02-05T15:05:45.295Z", "user": 1, "content_type": 3, "object_id": "13", "object_repr": "Razdobreev", "action_flag": 1, "change_message": "[{\"added\": {}}]"}}, {"model": "admin.logentry", "pk": 48, "fields": {"action_time": "2017-02-05T15:07:26.632Z", "user": 1, "content_type": 3, "object_id": "13", "object_repr": "Razdobreev", "action_flag": 2, "change_message": "[{\"changed\": {\"fields\": [\"first_name\", \"last_name\"]}}]"}}, {"model": "admin.logentry", "pk": 49, "fields": {"action_time": "2017-02-05T15:09:05.617Z", "user": 1, "content_type": 3, "object_id": "14", "object_repr": "Anastasiasinkova", "action_flag": 1, "change_message": "[{\"added\": {}}]"}}, {"model": "admin.logentry", "pk": 50, "fields": {"action_time": "2017-02-05T15:09:30.052Z", "user": 1, "content_type": 3, "object_id": "14", "object_repr": "Anastasiasinkova", "action_flag": 2, "change_message": "[{\"changed\": {\"fields\": [\"first_name\", \"last_name\"]}}]"}}, {"model": "admin.logentry", "pk": 51, "fields": {"action_time": "2017-02-05T15:11:06.315Z", "user": 1, "content_type": 3, "object_id": "15", "object_repr": "rtoioioiliolio", "action_flag": 1, "change_message": "[{\"added\": {}}]"}}, {"model": "admin.logentry", "pk": 52, "fields": {"action_time": "2017-02-05T15:11:29.034Z", "user": 1, "content_type": 3, "object_id": "15", "object_repr": "rtoioioiliolio", "action_flag": 2, "change_message": "[{\"changed\": {\"fields\": [\"first_name\", \"last_name\"]}}]"}}, {"model": "admin.logentry", "pk": 53, "fields": {"action_time": "2017-02-05T15:13:51.819Z", "user": 1, "content_type": 3, "object_id": "16", "object_repr": "daniksad", "action_flag": 1, "change_message": "[{\"added\": {}}]"}}, {"model": "admin.logentry", "pk": 54, "fields": {"action_time": "2017-02-05T15:14:09.207Z", "user": 1, "content_type": 3, "object_id": "16", "object_repr": "daniksad", "action_flag": 2, "change_message": "[{\"changed\": {\"fields\": [\"first_name\", \"last_name\"]}}]"}}, {"model": "admin.logentry", "pk": 55, "fields": {"action_time": "2017-02-05T15:15:32.971Z", "user": 1, "content_type": 3, "object_id": "17", "object_repr": "KozminaAlina", "action_flag": 1, "change_message": "[{\"added\": {}}]"}}, {"model": "admin.logentry", "pk": 56, "fields": {"action_time": "2017-02-05T15:16:13.669Z", "user": 1, "content_type": 3, "object_id": "17", "object_repr": "KozminaAlina", "action_flag": 2, "change_message": "[{\"changed\": {\"fields\": [\"first_name\", \"last_name\"]}}]"}}, {"model": "admin.logentry", "pk": 57, "fields": {"action_time": "2017-02-05T15:16:45.557Z", "user": 1, "content_type": 3, "object_id": "18", "object_repr": "TonkonogovaNastya", "action_flag": 1, "change_message": "[{\"added\": {}}]"}}, {"model": "admin.logentry", "pk": 58, "fields": {"action_time": "2017-02-05T15:17:06.304Z", "user": 1, "content_type": 3, "object_id": "18", "object_repr": "TonkonogovaNastya", "action_flag": 2, "change_message": "[{\"changed\": {\"fields\": [\"first_name\", \"last_name\"]}}]"}}, {"model": "admin.logentry", "pk": 59, "fields": {"action_time": "2017-02-05T15:18:08.582Z", "user": 1, "content_type": 3, "object_id": "19", "object_repr": "PanovIvan", "action_flag": 1, "change_message": "[{\"added\": {}}]"}}, {"model": "admin.logentry", "pk": 60, "fields": {"action_time": "2017-02-05T15:18:20.293Z", "user": 1, "content_type": 3, "object_id": "19", "object_repr": "PanovIvan", "action_flag": 2, "change_message": "[{\"changed\": {\"fields\": [\"first_name\", \"last_name\"]}}]"}}, {"model": "admin.logentry", "pk": 61, "fields": {"action_time": "2017-02-05T15:18:37.841Z", "user": 1, "content_type": 3, "object_id": "20", "object_repr": "ZverevaKira", "action_flag": 1, "change_message": "[{\"added\": {}}]"}}, {"model": "admin.logentry", "pk": 62, "fields": {"action_time": "2017-02-05T15:18:53.004Z", "user": 1, "content_type": 3, "object_id": "20", "object_repr": "ZverevaKira", "action_flag": 2, "change_message": "[{\"changed\": {\"fields\": [\"first_name\", \"last_name\"]}}]"}}, {"model": "admin.logentry", "pk": 63, "fields": {"action_time": "2017-02-05T15:21:56.132Z", "user": 1, "content_type": 3, "object_id": "21", "object_repr": "VoronLG", "action_flag": 1, "change_message": "[{\"added\": {}}]"}}, {"model": "admin.logentry", "pk": 64, "fields": {"action_time": "2017-02-05T15:22:13.556Z", "user": 1, "content_type": 3, "object_id": "21", "object_repr": "VoronLG", "action_flag": 2, "change_message": "[{\"changed\": {\"fields\": [\"first_name\", \"last_name\"]}}]"}}, {"model": "admin.logentry", "pk": 65, "fields": {"action_time": "2017-02-05T15:24:27.917Z", "user": 1, "content_type": 3, "object_id": "22", "object_repr": "georgeseryshev", "action_flag": 1, "change_message": "[{\"added\": {}}]"}}, {"model": "admin.logentry", "pk": 66, "fields": {"action_time": "2017-02-05T15:24:47.858Z", "user": 1, "content_type": 3, "object_id": "22", "object_repr": "georgeseryshev", "action_flag": 2, "change_message": "[{\"changed\": {\"fields\": [\"first_name\", \"last_name\"]}}]"}}, {"model": "admin.logentry", "pk": 67, "fields": {"action_time": "2017-02-05T15:25:12.831Z", "user": 1, "content_type": 3, "object_id": "23", "object_repr": "DabaDashiev", "action_flag": 1, "change_message": "[{\"added\": {}}]"}}, {"model": "admin.logentry", "pk": 68, "fields": {"action_time": "2017-02-05T15:25:41.559Z", "user": 1, "content_type": 3, "object_id": "23", "object_repr": "DabaDashiev", "action_flag": 2, "change_message": "[{\"changed\": {\"fields\": [\"first_name\", \"last_name\"]}}]"}}, {"model": "admin.logentry", "pk": 69, "fields": {"action_time": "2017-02-05T15:25:58.460Z", "user": 1, "content_type": 3, "object_id": "24", "object_repr": "AndreyGordeev", "action_flag": 1, "change_message": "[{\"added\": {}}]"}}, {"model": "admin.logentry", "pk": 70, "fields": {"action_time": "2017-02-05T15:26:14.471Z", "user": 1, "content_type": 3, "object_id": "24", "object_repr": "AndreyGordeev", "action_flag": 2, "change_message": "[{\"changed\": {\"fields\": [\"first_name\", \"last_name\"]}}]"}}, {"model": "admin.logentry", "pk": 71, "fields": {"action_time": "2017-02-05T15:26:26.080Z", "user": 1, "content_type": 3, "object_id": "24", "object_repr": "AndreyGordeev", "action_flag": 2, "change_message": "[]"}}, {"model": "admin.logentry", "pk": 72, "fields": {"action_time": "2017-02-05T15:26:58.911Z", "user": 1, "content_type": 3, "object_id": "25", "object_repr": "ArinaPopova", "action_flag": 1, "change_message": "[{\"added\": {}}]"}}, {"model": "admin.logentry", "pk": 73, "fields": {"action_time": "2017-02-05T15:27:20.317Z", "user": 1, "content_type": 3, "object_id": "25", "object_repr": "ArinaPopova", "action_flag": 2, "change_message": "[{\"changed\": {\"fields\": [\"first_name\", \"last_name\"]}}]"}}, {"model": "admin.logentry", "pk": 74, "fields": {"action_time": "2017-02-05T15:27:53.297Z", "user": 1, "content_type": 3, "object_id": "26", "object_repr": "MashaKupyanskaya", "action_flag": 1, "change_message": "[{\"added\": {}}]"}}, {"model": "admin.logentry", "pk": 75, "fields": {"action_time": "2017-02-05T15:28:26.208Z", "user": 1, "content_type": 3, "object_id": "26", "object_repr": "MashaKupyanskaya", "action_flag": 2, "change_message": "[{\"changed\": {\"fields\": [\"first_name\", \"last_name\"]}}]"}}, {"model": "admin.logentry", "pk": 76, "fields": {"action_time": "2017-02-05T15:28:48.133Z", "user": 1, "content_type": 3, "object_id": "27", "object_repr": "MashaBuyanover", "action_flag": 1, "change_message": "[{\"added\": {}}]"}}, {"model": "admin.logentry", "pk": 77, "fields": {"action_time": "2017-02-05T15:29:44.631Z", "user": 1, "content_type": 3, "object_id": "27", "object_repr": "MashaBuyanover", "action_flag": 2, "change_message": "[{\"changed\": {\"fields\": [\"first_name\", \"last_name\"]}}]"}}, {"model": "admin.logentry", "pk": 78, "fields": {"action_time": "2017-02-05T15:30:19.321Z", "user": 1, "content_type": 3, "object_id": "28", "object_repr": "GalyaKoronnaya", "action_flag": 1, "change_message": "[{\"added\": {}}]"}}, {"model": "admin.logentry", "pk": 79, "fields": {"action_time": "2017-02-05T15:31:06.360Z", "user": 1, "content_type": 3, "object_id": "28", "object_repr": "GalyaKoronnaya", "action_flag": 2, "change_message": "[{\"changed\": {\"fields\": [\"first_name\", \"last_name\"]}}]"}}, {"model": "admin.logentry", "pk": 80, "fields": {"action_time": "2017-02-05T15:32:37.317Z", "user": 1, "content_type": 3, "object_id": "29", "object_repr": "EvgenyCheck", "action_flag": 1, "change_message": "[{\"added\": {}}]"}}, {"model": "admin.logentry", "pk": 81, "fields": {"action_time": "2017-02-05T15:32:52.945Z", "user": 1, "content_type": 3, "object_id": "29", "object_repr": "EvgenyCheck", "action_flag": 2, "change_message": "[{\"changed\": {\"fields\": [\"first_name\", \"last_name\"]}}]"}}, {"model": "admin.logentry", "pk": 82, "fields": {"action_time": "2017-02-05T15:37:54.818Z", "user": 1, "content_type": 3, "object_id": "30", "object_repr": "SmolovaD", "action_flag": 1, "change_message": "[{\"added\": {}}]"}}, {"model": "admin.logentry", "pk": 83, "fields": {"action_time": "2017-02-05T15:38:35.335Z", "user": 1, "content_type": 3, "object_id": "30", "object_repr": "SmolovaD", "action_flag": 2, "change_message": "[{\"changed\": {\"fields\": [\"first_name\", \"last_name\"]}}]"}}, {"model": "admin.logentry", "pk": 84, "fields": {"action_time": "2017-02-05T15:50:10.036Z", "user": 1, "content_type": 3, "object_id": "31", "object_repr": "AlinaTarhanova", "action_flag": 1, "change_message": "[{\"added\": {}}]"}}, {"model": "admin.logentry", "pk": 85, "fields": {"action_time": "2017-02-05T15:51:10.498Z", "user": 1, "content_type": 3, "object_id": "31", "object_repr": "AlinaTarhanova", "action_flag": 2, "change_message": "[{\"changed\": {\"fields\": [\"first_name\", \"last_name\"]}}]"}}, {"model": "admin.logentry", "pk": 86, "fields": {"action_time": "2017-02-05T15:52:23.107Z", "user": 1, "content_type": 3, "object_id": "32", "object_repr": "YanaStolyar", "action_flag": 1, "change_message": "[{\"added\": {}}]"}}, {"model": "admin.logentry", "pk": 87, "fields": {"action_time": "2017-02-05T15:52:35.409Z", "user": 1, "content_type": 3, "object_id": "32", "object_repr": "YanaStolyar", "action_flag": 2, "change_message": "[{\"changed\": {\"fields\": [\"first_name\", \"last_name\"]}}]"}}, {"model": "admin.logentry", "pk": 88, "fields": {"action_time": "2017-02-05T15:52:52.891Z", "user": 1, "content_type": 3, "object_id": "33", "object_repr": "DalilaKuroedova", "action_flag": 1, "change_message": "[{\"added\": {}}]"}}, {"model": "admin.logentry", "pk": 89, "fields": {"action_time": "2017-02-05T15:53:29.063Z", "user": 1, "content_type": 3, "object_id": "33", "object_repr": "DalilaKuroedova", "action_flag": 2, "change_message": "[{\"changed\": {\"fields\": [\"first_name\", \"last_name\"]}}]"}}, {"model": "admin.logentry", "pk": 90, "fields": {"action_time": "2017-02-05T15:53:44.708Z", "user": 1, "content_type": 3, "object_id": "34", "object_repr": "SvetaPogrebinskaya", "action_flag": 1, "change_message": "[{\"added\": {}}]"}}, {"model": "admin.logentry", "pk": 91, "fields": {"action_time": "2017-02-05T15:54:14.651Z", "user": 1, "content_type": 3, "object_id": "34", "object_repr": "SvetaPogrebinskaya", "action_flag": 2, "change_message": "[{\"changed\": {\"fields\": [\"first_name\", \"last_name\"]}}]"}}, {"model": "admin.logentry", "pk": 92, "fields": {"action_time": "2017-02-05T15:54:47.621Z", "user": 1, "content_type": 3, "object_id": "35", "object_repr": "ValyaGaleeva", "action_flag": 1, "change_message": "[{\"added\": {}}]"}}, {"model": "admin.logentry", "pk": 93, "fields": {"action_time": "2017-02-05T15:55:13.869Z", "user": 1, "content_type": 3, "object_id": "35", "object_repr": "ValyaGaleeva", "action_flag": 2, "change_message": "[{\"changed\": {\"fields\": [\"first_name\", \"last_name\"]}}]"}}, {"model": "admin.logentry", "pk": 94, "fields": {"action_time": "2017-02-05T15:55:24.594Z", "user": 1, "content_type": 3, "object_id": "36", "object_repr": "OlyaSerysheva", "action_flag": 1, "change_message": "[{\"added\": {}}]"}}, {"model": "admin.logentry", "pk": 95, "fields": {"action_time": "2017-02-05T15:55:38.538Z", "user": 1, "content_type": 3, "object_id": "36", "object_repr": "OlyaSerysheva", "action_flag": 2, "change_message": "[{\"changed\": {\"fields\": [\"first_name\", \"last_name\"]}}]"}}, {"model": "admin.logentry", "pk": 96, "fields": {"action_time": "2017-02-05T15:58:02.485Z", "user": 1, "content_type": 3, "object_id": "37", "object_repr": "BondarikD", "action_flag": 1, "change_message": "[{\"added\": {}}]"}}, {"model": "admin.logentry", "pk": 97, "fields": {"action_time": "2017-02-05T15:58:18.105Z", "user": 1, "content_type": 3, "object_id": "37", "object_repr": "BondarikD", "action_flag": 2, "change_message": "[{\"changed\": {\"fields\": [\"first_name\", \"last_name\"]}}]"}}, {"model": "admin.logentry", "pk": 98, "fields": {"action_time": "2017-02-05T16:00:59.885Z", "user": 1, "content_type": 3, "object_id": "38", "object_repr": "DenisHavronin", "action_flag": 1, "change_message": "[{\"added\": {}}]"}}, {"model": "admin.logentry", "pk": 99, "fields": {"action_time": "2017-02-05T16:01:16.170Z", "user": 1, "content_type": 3, "object_id": "38", "object_repr": "DenisHavronin", "action_flag": 2, "change_message": "[{\"changed\": {\"fields\": [\"first_name\", \"last_name\"]}}]"}}, {"model": "admin.logentry", "pk": 100, "fields": {"action_time": "2017-02-05T16:07:24.605Z", "user": 1, "content_type": 3, "object_id": "39", "object_repr": "VikaShimit", "action_flag": 1, "change_message": "[{\"added\": {}}]"}}, {"model": "admin.logentry", "pk": 101, "fields": {"action_time": "2017-02-05T16:07:38.802Z", "user": 1, "content_type": 3, "object_id": "39", "object_repr": "VikaShimit", "action_flag": 2, "change_message": "[{\"changed\": {\"fields\": [\"first_name\", \"last_name\"]}}]"}}, {"model": "admin.logentry", "pk": 102, "fields": {"action_time": "2017-02-05T16:08:09.099Z", "user": 1, "content_type": 3, "object_id": "40", "object_repr": "SergeyGranovskii", "action_flag": 1, "change_message": "[{\"added\": {}}]"}}, {"model": "admin.logentry", "pk": 103, "fields": {"action_time": "2017-02-05T16:08:22.583Z", "user": 1, "content_type": 3, "object_id": "40", "object_repr": "SergeyGranovskii", "action_flag": 2, "change_message": "[{\"changed\": {\"fields\": [\"first_name\", \"last_name\"]}}]"}}, {"model": "admin.logentry", "pk": 104, "fields": {"action_time": "2017-02-05T16:08:53.424Z", "user": 1, "content_type": 3, "object_id": "41", "object_repr": "SergeyHryapkin", "action_flag": 1, "change_message": "[{\"added\": {}}]"}}, {"model": "admin.logentry", "pk": 105, "fields": {"action_time": "2017-02-05T16:09:11.549Z", "user": 1, "content_type": 3, "object_id": "41", "object_repr": "SergeyHryapkin", "action_flag": 2, "change_message": "[{\"changed\": {\"fields\": [\"first_name\", \"last_name\"]}}]"}}, {"model": "admin.logentry", "pk": 106, "fields": {"action_time": "2017-02-05T16:32:13.673Z", "user": 1, "content_type": 3, "object_id": "1", "object_repr": "admin", "action_flag": 2, "change_message": "[{\"changed\": {\"fields\": [\"first_name\", \"last_name\"]}}]"}}]